﻿staff_id;first_name;last_name;address_id;email;store_id;active;username;password;last_update;picture
<br />
<b>Warning</b>:  preg_match() expects parameter 2 to be string, resource given in <b>/var/www/html/adminer.php</b> on line <b>126</b><br />
1;Mike;Hillyer;3;Mike.Hillyer@sakilastaff.com;1;1;Mike;8cb2237d0679ca88db6464eac60da96345513964;2017-05-16 16:13:11.79328+00;Resource id #32
2;Jon;Stephens;4;Jon.Stephens@sakilastaff.com;2;1;Jon;8cb2237d0679ca88db6464eac60da96345513964;2017-05-16 16:13:11.79328+00;
